<?xml version="1.0" encoding="UTF-8"?>
<project-private xmlns="http://www.netbeans.org/ns/project-private/1">
    <editor-bookmarks xmlns="http://www.netbeans.org/ns/editor-bookmarks/2" lastBookmarkId="0"/>
    <open-files xmlns="http://www.netbeans.org/ns/projectui-open-files/2">
        <group>
            <file>file:/C:/Users/Desmond%20Peter/Documents/college/OOP%20project/MentalHealthHubProject/src/mentalhealthhub/MoodEntry.java</file>
            <file>file:/C:/Users/Desmond%20Peter/Documents/college/OOP%20project/MentalHealthHubProject/src/mentalhealthhub/JournalEntry.java</file>
            <file>file:/C:/Users/Desmond%20Peter/Documents/college/OOP%20project/MentalHealthHubProject/src/mentalhealthhub/MeditationTimer.java</file>
            <file>file:/C:/Users/Desmond%20Peter/Documents/college/OOP%20project/MentalHealthHubProject/src/mentalhealthhub/MentalHealthHub.java</file>
            <file>file:/C:/Users/Desmond%20Peter/Documents/college/OOP%20project/MentalHealthHubProject/src/mentalhealthhub/MentalHealthMenu.java</file>
            <file>file:/C:/Users/Desmond%20Peter/Documents/college/OOP%20project/MentalHealthHubProject/src/mentalhealthhub/Main.java</file>
            <file>file:/C:/Users/Desmond%20Peter/Documents/college/OOP%20project/MentalHealthHubProject/src/mentalhealthhub/MentalHealthHubGui.java</file>
        </group>
    </open-files>
</project-private>
